{
    "accuracy": 0.8100558659217877,
    "precision": 0.7868852459016393,
    "recall": 0.6956521739130435,
    "f1": 0.7384615384615385
}