{
    "accuracy": 0.7988826815642458,
    "precision": 0.7538461538461538,
    "recall": 0.7101449275362319,
    "f1": 0.7313432835820896
}